ID,Name,Address,Zip,Date,Result
6637,:08 Seconds,201 W University Avenue,32601,2/14/17,Satisfactory
6539,"6th Street North, LLC",4401 NW 6th Street,32609,7/29/16,Satisfactory
5414,"6th Street North, LLC",4401 NW 6th Street,32609,8/5/16,Satisfactory
4843,A.Q. Jones Center,1108 NW 7th Avenue,32601,4/19/16,Satisfactory
7637,A.Q. Jones Center,1108 NW 7th Avenue,32601,7/7/16,Satisfactory
4484,A.Q. Jones Center,1108 NW 7th Avenue,32601,10/5/16,Satisfactory
8040,A.Q. Jones Center,1108 NW 7th Avenue,32601,1/11/17,Satisfactory
1942,A.Q. Jones Center,1108 NW 7th Avenue,32601,5/2/16,Satisfactory
1250,Acute Care Services/ CSU,1541 SW Williston Road,32608,9/16/16,Satisfactory
8389,Acute Care Services/ CSU,1541 SW Williston Road,32608,2/24/17,Satisfactory
7579,Acute Care Services/Detox,1541 SW Williston Road,32608,9/16/16,Satisfactory
7095,Acute Care Services/Detox,1541 SW Williston Road,32608,2/24/17,Satisfactory
9974,AFC Sushi @ UFL 001,Reitz Union Food Court,32611,6/27/16,Satisfactory
5620,AFC Sushi @ UFL 001,Reitz Union Food Court,32611,9/16/16,Satisfactory
5722,AFC Sushi @ UFL 001,Reitz Union Food Court,32611,12/1/16,Satisfactory
1439,AFC Sushi @ UFL 001,Reitz Union Food Court,32611,3/23/17,Satisfactory
9520,Alachua County Metamorphosis Program,4201 SW 21st Place,32607,5/13/16,Satisfactory
4514,Alachua County Metamorphosis Program,4201 SW 21st Place,32607,8/9/16,Satisfactory
5609,Alachua County Metamorphosis Program,4201 SW 21st Place,32607,11/9/16,Satisfactory
9502,Alachua County Metamorphosis Program,4201 SW 21st Place,32607,1/4/17,Satisfactory
3533,Alachua County Senior Recreation Center,5701 NW 34th Boulevard,32653,5/10/16,Satisfactory
7481,Alachua County Senior Recreation Center,5701 NW 34th Boulevard,32653,7/13/16,Satisfactory
9770,Alachua County Senior Recreation Center,5701 NW 34th Boulevard,32653,10/12/16,Satisfactory
9951,Alachua County Senior Recreation Center,5701 NW 34th Boulevard,32653,1/17/17,Satisfactory
9250,Alachua County Sheriff's Office,3333 NE 39th Avenue,32609,3/31/16,Satisfactory
9569,Alachua County Sheriff's Office,3333 NE 39th Avenue,32609,5/24/16,Unsatisfactory
5498,Alachua County Sheriff's Office,3333 NE 39th Avenue,32609,9/16/16,Satisfactory
7456,Alachua County Sheriff's Office,3333 NE 39th Avenue,32609,12/28/16,Satisfactory
4271,Alachua County Sheriff's Office,3333 NE 39th Avenue,32609,3/24/17,Satisfactory
1745,Alachua County Sheriff's Office,3333 NE 39th Avenue,32609,9/15/16,Satisfactory
8792,Alachua County Work Release Program,3371 NE 39th Avenue,32609,5/12/16,Satisfactory
8428,Alachua County Work Release Program,3371 NE 39th Avenue,32609,12/2/16,Satisfactory
1575,Alachua Regional Detention Center,3440 NE 39 Avenue,32609,5/24/16,Satisfactory
3995,Alachua Regional Detention Center,3440 NE 39 Avenue,32609,7/12/16,Satisfactory
1096,Alachua Regional Detention Center,3440 NE 39 Avenue,32609,10/6/16,Satisfactory
2034,Alachua Regional Detention Center,3440 NE 39 Avenue,32609,1/4/17,Satisfactory
3771,Albert Ray Massey Recreation Center,1001 NW 34th Street,32605,4/22/16,Satisfactory
6947,Albert Ray Massey Recreation Center,1001 NW 34th Street,32605,10/21/16,Satisfactory
9750,Alpha Delta Pi,831 W Panhellenic Drive,32601,9/14/16,Unsatisfactory
3031,Alpha Delta Pi,831 W Panhellenic Drive,32601,12/9/16,Satisfactory
6864,Alpha Epsilon Phi Sorority,832 W Panhellenic Drive,32601,9/27/16,Satisfactory
3717,Alpha Epsilon Phi Sorority,832 W Panhellenic Drive,32601,1/13/17,Satisfactory
9886,Alpha Epsilon Pi Fraternity House,2303 W Fraternity Drive,32603,9/20/16,Satisfactory
7404,Alpha Epsilon Pi Fraternity House,2303 W Fraternity Drive,32603,12/2/16,Satisfactory
4123,Alpha Gamma Rho,407 SW 13th Street,32601,3/30/16,Satisfactory
8463,Alpha Gamma Rho,407 SW 13th Street,32601,9/13/16,Incomplete
6476,Alpha Gamma Rho,407 SW 13th Street,32601,9/28/16,Satisfactory
1339,Alpha Gamma Rho,407 SW 13th Street,32601,1/10/17,Unsatisfactory
3101,Alpha Gamma Rho,407 SW 13th Street,32601,2/15/17,Satisfactory
9057,Alpha Omicron Pi,819 W Panhellenic Drive,32601,9/14/16,Satisfactory
3270,Alpha Omicron Pi,819 W Panhellenic Drive,32601,1/18/17,Satisfactory
5096,Alpha Tau Omega,207 SW 13th Street,32601,4/13/16,Satisfactory
2258,Alpha Tau Omega,207 SW 13th Street,32601,9/13/16,Satisfactory
9366,Alpha Tau Omega,207 SW 13th Street,32601,1/9/17,Satisfactory
4585,Al'z Place,1610 NW 23rd Avenue,32605,3/20/17,Satisfactory
1659,Al'z Place,1610 NW 23rd Avenue,32605,10/25/16,Satisfactory
6399,Al'z Place,1610 NW 23rd Avenue,32605,12/19/16,Satisfactory
5301,AMI Kids - Gainesville,6815 SW Archer  Road,32608,7/26/16,Satisfactory
3323,AMI Kids - Gainesville,6815 SW Archer  Road,32608,2/6/17,Satisfactory
6582,Annie's House ALF,1201 NW 39th Avenue,32609,2/9/17,Satisfactory
2247,Aramark @ UF-Camellia Court Cafe in Harn Museum,3539 Hull Road,32611,6/21/16,Satisfactory
1414,Aramark @ UF-Camellia Court Cafe in Harn Museum,3539 Hull Road,32611,8/9/16,Satisfactory
5511,Aramark @ UF-Camellia Court Cafe in Harn Museum,3539 Hull Road,32611,10/28/16,Satisfactory
4815,Aramark @ UF-Camellia Court Cafe in Harn Museum,3539 Hull Road,32611,2/8/17,Satisfactory
4665,Aramark POD @ Hub,100 Stadium Road,32611,6/17/16,Satisfactory
1428,Aramark POD @ Hub,100 Stadium Road,32611,9/9/16,Satisfactory
5627,Aramark POD @ Hub,100 Stadium Road,32611,11/10/16,Satisfactory
5325,Aramark POD @ Hub,100 Stadium Road,32611,3/2/17,Satisfactory
5599,Aramark Starbuck's Hub,University of Florida,32611,9/9/16,Satisfactory
1075,Aramark Starbuck's Hub,University of Florida,32611,3/2/17,Satisfactory
1397,Arcade Bar,6 E University Avenue,32601,12/22/16,Unsatisfactory
9689,Arcade Bar,6 E University Avenue,32601,1/6/17,Unsatisfactory
6402,Arcade Bar,6 E University Avenue,32601,1/31/17,Satisfactory
6903,Arredondo Room/Classic Fare Catering,118 SW JWRU - UF,32611,9/16/16,Satisfactory
9268,Arredondo Room/Classic Fare Catering,118 SW JWRU - UF,32611,12/1/16,Satisfactory
7084,Arredondo Room/Classic Fare Catering,118 SW JWRU - UF,32611,3/21/17,Satisfactory
7803,Atlantic Nightspot,15 N Main Street,32601,9/23/16,Satisfactory
3503,Au Bon Pain Bakery & Cafe,1700 Stadium Road,32611,3/28/17,Incomplete
1740,Balls,1716 W University Avenue,32603,9/14/16,Satisfactory
6447,Balls,1716 W University Avenue,32603,2/16/17,Satisfactory
8778,Balls,1716 W University Avenue,32603,9/16/16,Satisfactory
8512,Bank Bar & Lounge,22 W University Avenue,32601,9/22/16,Satisfactory
9662,Ben Hill Griffin Stadium,Stadium Rd & No -So Drive,32604,9/17/16,Satisfactory
7514,Beta Theta Pi Fraternity,2315 Fraternity Drive,32603,8/26/16,Satisfactory
9491,Beta Theta Pi Fraternity,2315 Fraternity Drive,32603,11/28/16,Unsatisfactory
3684,Beta Theta Pi Fraternity,2315 Fraternity Drive,32603,3/23/17,Satisfactory
9020,Beta Theta Pi Fraternity,2315 Fraternity Drive,32603,11/29/16,Satisfactory
7382,Bhakti Academy,214 NW 14th Street,32603,5/10/16,Satisfactory
4271,Bhakti Academy,214 NW 14th Street,32603,8/19/16,Incomplete
2016,Bhakti Academy,214 NW 14th Street,32603,9/7/16,Satisfactory
7860,Bhakti Academy,214 NW 14th Street,32603,11/16/16,Satisfactory
2686,Blackadder Brewing Company,"618 NW 60th Street, Suite A",32607,11/22/16,Satisfactory
8985,Boulware Charter School,1303 NE 23rd Avenue,32609,4/27/16,Satisfactory
2045,Boulware Charter School,1303 NE 23rd Avenue,32609,12/9/16,Satisfactory
3034,Boys & Girls Clubs of Alachua County/Mentor Center,1100 SE 17th Drive,32601,8/10/16,Incomplete
1002,Boys & Girls Clubs of Alachua County/Mentor Center,1100 SE 17th Drive,32601,8/19/16,Satisfactory
8544,Boys & Girls Clubs of Alachua County/Mentor Center,1100 SE 17th Drive,32601,12/6/16,Satisfactory
3872,Boys & Girls Clubs of Alachua County/Woodland Park,331 SE 20th Place,32641,7/22/16,Satisfactory
1302,Boys & Girls Clubs of Alachua County/Woodland Park,331 SE 20th Place,32641,11/16/16,Satisfactory
5892,BPO Elks Lodge 990,2424 NW 23rd Boulevard,32605,4/19/16,Satisfactory
7831,BPO Elks Lodge 990,2424 NW 23rd Boulevard,32605,7/22/16,Satisfactory
2987,BPO Elks Lodge 990,2424 NW 23rd Boulevard,32605,11/1/16,Satisfactory
2805,BPO Elks Lodge 990,2424 NW 23rd Boulevard,32605,1/19/17,Satisfactory
1720,Brookdale Gainesville Southwest,1001 SW 62nd Boulevard,32607,5/16/16,Satisfactory
8628,Brookdale Gainesville Southwest,1001 SW 62nd Boulevard,32607,8/9/16,Satisfactory
5171,Brookdale Gainesville Southwest,1001 SW 62nd Boulevard,32607,11/9/16,Satisfactory
5720,Brookdale Gainesville Southwest,1001 SW 62nd Boulevard,32607,2/1/17,Satisfactory
3314,Broward Chick-Fil-A,60 Inner Road,32611,8/19/16,Satisfactory
5961,Broward Chick-Fil-A,60 Inner Road,32611,12/9/16,Satisfactory
7577,Buchholz High School,5510 NW 27th Avenue,32606,6/8/16,Satisfactory
9929,Buchholz High School,5510 NW 27th Avenue,32606,7/13/16,Satisfactory
2708,Buchholz High School,5510 NW 27th Avenue,32606,10/6/16,Satisfactory
6141,Buchholz High School,5510 NW 27th Avenue,32606,1/10/17,Satisfactory
8256,C. W. Norton Elementary,2200 N W 45th Avenue,32605,4/25/16,Satisfactory
4836,C. W. Norton Elementary,2200 N W 45th Avenue,32605,7/14/16,Satisfactory
4756,C. W. Norton Elementary,2200 N W 45th Avenue,32605,10/4/16,Satisfactory
9789,C. W. Norton Elementary,2200 N W 45th Avenue,32605,1/3/17,Satisfactory
2264,C. W. Norton Elementary,2200 N W 45th Avenue,32605,4/29/16,Satisfactory
6701,Cafe 131,"3055 NE 28th Drive, Building 11",32609,5/31/16,Satisfactory
5950,Cafe 131,"3055 NE 28th Drive, Building 11",32609,8/3/16,Satisfactory
4609,Cafe 131,"3055 NE 28th Drive, Building 11",32609,10/5/16,Satisfactory
1357,Cafe 131,"3055 NE 28th Drive, Building 11",32609,1/10/17,Satisfactory
4912,Caring and Sharing Learning School,1951 SE 4th Street,32641,8/10/16,Satisfactory
9473,Caring and Sharing Learning School,1951 SE 4th Street,32641,2/23/17,Satisfactory
8729,Chef Brothers @ Genetics,2033 Mowry Road,32611,8/25/16,Satisfactory
4815,Chef Brothers @ Genetics,2033 Mowry Road,32611,1/31/17,Unsatisfactory
1549,Chef Brothers @ Genetics,2033 Mowry Road,32611,2/15/17,Satisfactory
5705,Chef Brothers @ Orthopedics,3450 Hull Road,32607,8/8/16,Satisfactory
3806,Chef Brothers @ Orthopedics,3450 Hull Road,32607,11/22/16,Satisfactory
2506,Chi Omega Sorority,807 W Panhellenic Drive,32601,9/14/16,Satisfactory
3783,Chi Omega Sorority,807 W Panhellenic Drive,32601,1/18/17,Satisfactory
1966,Chi Phi Fraternity,1 Fraternity Row,32603,3/31/16,Satisfactory
7572,Chi Phi Fraternity,1 Fraternity Row,32603,9/23/16,Satisfactory
9521,Chi Phi Fraternity,1 Fraternity Row,32603,11/30/16,Satisfactory
1530,Chomp 'n Go @ Hough Hall,138 Union Road,32611,8/2/16,Satisfactory
2205,Chomp 'n Go @ Hough Hall,138 Union Road,32611,10/27/16,Satisfactory
9636,Christian Study Center of Gainesville  Inc.,112 NW 16th Street,32603,8/22/16,Satisfactory
4928,Christian Study Center of Gainesville  Inc.,112 NW 16th Street,32603,1/9/17,Satisfactory
9567,Classic Fare Catering,"655 Reitz Union Drive, Room 1400",32611,9/29/16,Satisfactory
5286,Classic Fare Catering,"655 Reitz Union Drive, Room 1400",32611,12/1/16,Satisfactory
5992,Classic Fare Catering,"655 Reitz Union Drive, Room 1400",32611,3/9/17,Satisfactory
1733,Classic Fare Catering,"655 Reitz Union Drive, Room 1400",32611,8/5/16,Incomplete
3339,Clinical & Translational Reseach Building/Metobolic Kitchen,"2004 Mowry Road, CTRB, North Wing, Third Floor",32610,9/9/16,Satisfactory
3398,Clinical & Translational Reseach Building/Metobolic Kitchen,"2004 Mowry Road, CTRB, North Wing, Third Floor",32610,1/31/17,Incomplete
5862,Clinical & Translational Reseach Building/Metobolic Kitchen,"2004 Mowry Road, CTRB, North Wing, Third Floor",32610,2/10/17,Satisfactory
3126,Coffee 101 @ Santa Fe College,3000 NW 83rd Street,32606,6/15/16,Satisfactory
3835,Coffee 101 @ Santa Fe College,3000 NW 83rd Street,32606,10/19/16,Satisfactory
1697,Cooperative Living Organization,117 NW 15 Street,32603,8/19/16,Satisfactory
4364,Cooperative Living Organization,117 NW 15 Street,32603,11/2/16,Satisfactory
7546,Cornerstone,1520 NW 34th Street,32605,2/28/17,Satisfactory
9362,Cornerstone,1520 NW 34th Street,32605,8/9/16,Satisfactory
7207,Countryside Babtist Chuch,10926 NW 39th Avenue,32606,6/9/16,Satisfactory
1907,Countryside Babtist Chuch,10926 NW 39th Avenue,32606,9/14/16,Satisfactory
5092,Countryside Babtist Chuch,10926 NW 39th Avenue,32606,12/7/16,Satisfactory
1588,Countryside Christian School,10926 NW 39th Avenue,32606,9/14/16,Satisfactory
7565,Countryside Christian School,10926 NW 39th Avenue,32606,12/7/16,Satisfactory
5994,Croutons,"655 Reitz Union Drive, Room 1400",32611,6/27/16,Satisfactory
7537,Croutons,"655 Reitz Union Drive, Room 1400",32611,8/5/16,Satisfactory
6714,Croutons,"655 Reitz Union Drive, Room 1400",32611,12/1/16,Satisfactory
4840,Croutons,"655 Reitz Union Drive, Room 1400",32611,3/21/17,Satisfactory
9551,Delish at U of F East Campus,2046 NE Waldo Road,32609,1/26/17,Satisfactory
4205,Delish at U of F East Campus,2046 NE Waldo Road,32609,11/22/16,Satisfactory
9536,Delta Chi Fraternity  Inc.,725 Fraternity Drive Number 6,32603,9/19/16,Satisfactory
2220,Delta Chi Fraternity  Inc.,725 Fraternity Drive Number 6,32603,11/29/16,Satisfactory
3490,Delta Chi Fraternity  Inc.,725 Fraternity Drive Number 6,32603,4/11/16,Satisfactory
1732,Delta Delta Delta,1134 E Panhellenic Drive,32601,9/13/16,Satisfactory
2227,Delta Delta Delta,1134 E Panhellenic Drive,32601,1/11/17,Satisfactory
8334,Delta Gamma Sorority,808 W Panhellenic Drive,32601,9/27/16,Satisfactory
4208,Delta Gamma Sorority,808 W Panhellenic Drive,32601,1/13/17,Satisfactory
7504,Delta Phi Epsilon,1115 SW 9th Avenue,32601,9/27/16,Satisfactory
7495,Delta Phi Epsilon,1115 SW 9th Avenue,32601,12/7/16,Satisfactory
8142,Delta Tau Delta Fraternity,1926 W University Avenue,32603,4/13/16,Satisfactory
4972,Delta Tau Delta Fraternity,1926 W University Avenue,32603,9/29/16,Satisfactory
9182,Delta Tau Delta Fraternity,1926 W University Avenue,32603,1/20/17,Satisfactory
6792,Delta Zeta Sorority,903 SW 13th Street,32601,9/27/16,Satisfactory
3678,Delta Zeta Sorority,903 SW 13th Street,32601,1/17/17,Satisfactory
4236,"Dirty Bar, LLC","2441 NW 43rd Street, Suite 26B",32606,9/30/16,Satisfactory
6660,"Domino's Pizza-SWF Operations, LLC","3000 NW 83rd Street, Building R Room 101",32606,8/3/16,Satisfactory
1890,"Domino's Pizza-SWF Operations, LLC","3000 NW 83rd Street, Building R Room 101",32606,11/8/16,Satisfactory
5660,"Domino's Pizza-SWF Operations, LLC","3000 NW 83rd Street, Building R Room 101",32606,1/18/17,Satisfactory
6314,Donald R Dizney Stadium,PO Box 14485,32604,9/21/16,Satisfactory
6122,"Dugout Billiards & Sports Club, Inc.","3501 SW 2nd Avenue, Suite H",32607,2/16/17,Satisfactory
5472,Durty Nelly's Irish Pub,208 W University Avenue,32601,12/21/16,Satisfactory
1015,Duval Elementary School,2106 NE 8th Avenue,32641,4/13/16,Satisfactory
8350,Duval Elementary School,2106 NE 8th Avenue,32641,7/6/16,Satisfactory
3593,Duval Elementary School,2106 NE 8th Avenue,32641,10/4/16,Satisfactory
9224,Duval Elementary School,2106 NE 8th Avenue,32641,1/5/17,Satisfactory
4843,Duval Elementary School,2106 NE 8th Avenue,32641,5/2/16,Satisfactory
6215,"Easter Seals Florida, Inc. - Altrusa House",2002 NW 36th Avenue,32605,4/13/16,Satisfactory
8780,"Easter Seals Florida, Inc. - Altrusa House",2002 NW 36th Avenue,32605,7/7/16,Satisfactory
9265,"Easter Seals Florida, Inc. - Altrusa House",2002 NW 36th Avenue,32605,10/21/16,Satisfactory
4541,"Easter Seals Florida, Inc. - Altrusa House",2002 NW 36th Avenue,32605,1/9/17,Satisfactory
8204,Eastside High School,1201 SE 43rd Street,32641,5/5/16,Satisfactory
3818,Eastside High School,1201 SE 43rd Street,32641,9/7/16,Satisfactory
4546,Eastside High School,1201 SE 43rd Street,32641,2/9/17,Satisfactory
7595,Eastside Recreation Center,2841 E University Avenue,32601,8/10/16,Satisfactory
5285,Eastside Recreation Center,2841 E University Avenue,32601,11/9/16,Satisfactory
7413,Einstein's Vet Med,2015 SW 16th Avenue,32610,5/19/16,Satisfactory
3354,Einstein's Vet Med,2015 SW 16th Avenue,32610,8/12/16,Satisfactory
9134,Einstein's Vet Med,2015 SW 16th Avenue,32610,10/28/16,Satisfactory
8079,Einstein's Vet Med,2015 SW 16th Avenue,32610,1/24/17,Unsatisfactory
8243,Einstein's Vet Med,2015 SW 16th Avenue,32610,2/10/17,Satisfactory
1719,Escape Day Spa Inc. dba Haile Village Spa & Salon,"5207 SW 91st Terrace, Suite A",32608,1/4/17,Satisfactory
7369,Expressions Learning Arts Academy,5408 SW 13th Street,32608,4/26/16,Satisfactory
3760,Expressions Learning Arts Academy,5408 SW 13th Street,32608,1/19/17,Satisfactory
1017,Fearnside Family Center,3600 NE 15 Street,32609,5/2/16,Satisfactory
5157,Fearnside Family Center,3600 NE 15 Street,32609,10/25/16,Satisfactory
2984,Fearnside Family Center,3600 NE 15 Street,32609,5/2/16,Satisfactory
3305,First Magnitude Brewing Co.,1220 SE Veitch Street,32601,8/26/16,Satisfactory
4245,FL DOC Gainesville Work Camp Canteens #10 & #11,700 NE 55th Boulevard,32641,6/13/16,Unsatisfactory
5243,FL DOC Gainesville Work Camp Canteens #10 & #11,700 NE 55th Boulevard,32641,3/22/17,Satisfactory
3188,FL DOC Gainesville Work Camp Canteens #10 & #11,700 NE 55th Boulevard,32641,10/13/16,Unsatisfactory
9924,FL DOC Gainesville Work Camp Canteens #10 & #11,700 NE 55th Boulevard,32641,1/17/17,Unsatisfactory
8506,Fletchers Cocktail Lounge,619 NW 5th Avenue,32601,9/23/16,Satisfactory
5938,Florida Autism Center,1015 NW 56th Terrace,32605,7/7/16,Satisfactory
7526,Florida Autism Center,1015 NW 56th Terrace,32605,9/28/16,Satisfactory
5054,Florida Autism Center,1015 NW 56th Terrace,32605,12/19/16,Satisfactory
6243,Fraternal Order of Eagles 4385,7118 W University Avenue,32607,4/19/16,Satisfactory
6465,Fraternal Order of Eagles 4385,7118 W University Avenue,32607,2/14/17,Satisfactory
9361,Fresh Food Company (UF),Broward Hall SW Inner Drive,32611,6/24/16,Satisfactory
5438,Fresh Food Company (UF),Broward Hall SW Inner Drive,32611,8/3/16,Satisfactory
8718,Fresh Food Company (UF),Broward Hall SW Inner Drive,32611,11/8/16,Satisfactory
6746,Fresh Food Company (UF),Broward Hall SW Inner Drive,32611,2/13/17,Satisfactory
8498,Freshens - Reitz Union,118 SW J Wayne Reitz Union,32611,6/27/16,Satisfactory
7515,Freshens - Reitz Union,118 SW J Wayne Reitz Union,32611,9/14/16,Satisfactory
8731,Freshens - Reitz Union,118 SW J Wayne Reitz Union,32611,11/28/16,Satisfactory
1741,Freshens - Reitz Union,118 SW J Wayne Reitz Union,32611,3/16/17,Satisfactory
8004,Freshens @ SW Rec. Center,Southwest Rec Center U of F,32611,9/12/16,Satisfactory
9994,Freshens @ SW Rec. Center,Southwest Rec Center U of F,32611,10/28/16,Satisfactory
7180,Ft. Clarke Middle School,9301 NW 23 Avenue,32606,6/8/16,Satisfactory
8273,Ft. Clarke Middle School,9301 NW 23 Avenue,32606,10/26/16,Satisfactory
5701,Gainesville High School,1900 NW 13th Street,32609,5/3/16,Satisfactory
6087,Gainesville High School,1900 NW 13th Street,32609,6/20/16,Satisfactory
8475,Gainesville High School,1900 NW 13th Street,32609,10/5/16,Satisfactory
3857,Gainesville High School,1900 NW 13th Street,32609,1/11/17,Satisfactory
3971,Gainesville High School,1900 NW 13th Street,32609,4/29/16,Satisfactory
1739,Gainesville Job Corps Center,5301 NE 40th Terrace,32609,5/12/16,Satisfactory
3515,Gainesville Job Corps Center,5301 NE 40th Terrace,32609,7/12/16,Satisfactory
5882,Gainesville Job Corps Center,5301 NE 40th Terrace,32609,10/10/16,Satisfactory
6465,Gainesville Job Corps Center,5301 NE 40th Terrace,32609,1/3/17,Satisfactory
4238,Gainesville Job Corps Center (Culinary),5301 NE 40th Terrace,32609,5/12/16,Satisfactory
6834,Gainesville Job Corps Center (Culinary),5301 NE 40th Terrace,32609,7/12/16,Satisfactory
5341,Gainesville Job Corps Center (Culinary),5301 NE 40th Terrace,32609,10/10/16,Satisfactory
6524,Gainesville Job Corps Center (Culinary),5301 NE 40th Terrace,32609,1/3/17,Satisfactory
4029,Gainesville Little Theatre dba Gainesville Community Playhouse,4039 NW 16th Boulevard,32605,9/23/16,Satisfactory
9272,Gainesville Shrine Club,8100 SW Archer Road,32608,8/24/16,Unsatisfactory
9285,Gainesville Shrine Club,8100 SW Archer Road,32608,3/8/17,Satisfactory
8546,Gainesville Shrine Club,8100 SW Archer Road,32608,10/6/16,Satisfactory
2556,Gainesville Work Camp,700 NE 55th Boulevard,32641,6/13/16,Satisfactory
7955,Gainesville Work Camp,700 NE 55th Boulevard,32641,7/18/16,Satisfactory
6644,Gainesville Work Camp,700 NE 55th Boulevard,32641,10/13/16,Satisfactory
7965,Gainesville Work Camp,700 NE 55th Boulevard,32641,1/17/17,Satisfactory
5733,Gamma Iota Chapter of Alpha Chi Omega Sorority,820 W Panhellenic Drive,32601,9/27/16,Satisfactory
5544,Gamma Iota Chapter of Alpha Chi Omega Sorority,820 W Panhellenic Drive,32601,1/17/17,Satisfactory
4299,Gator Corner Dining Center,N/S Drive & Stadium Road,32611,8/2/16,Satisfactory
4148,Gator Corner Dining Center,N/S Drive & Stadium Road,32611,11/30/16,Satisfactory
7178,"Genesis Preparatory School of Gainesville, Inc.",207 NW 23rd Avenue,32609,4/27/16,Satisfactory
9057,"Genesis Preparatory School of Gainesville, Inc.",207 NW 23rd Avenue,32609,10/28/16,Satisfactory
5343,GFWC Gainesville Woman's Club  Inc,2809 W University Avenue,32607,9/7/16,Satisfactory
5329,GFWC Gainesville Woman's Club  Inc,2809 W University Avenue,32607,2/9/17,Satisfactory
9730,"GHOB, LLC, dba Gainesville House of Beer",19 W University Avenue,32601,12/21/16,Unsatisfactory
4258,"GHOB, LLC, dba Gainesville House of Beer",19 W University Avenue,32601,12/29/16,Satisfactory
4073,"Girls Place, Inc.",2101 NW 39th Avenue,32605,4/22/16,Satisfactory
5829,"Girls Place, Inc.",2101 NW 39th Avenue,32605,2/28/17,Unsatisfactory
1515,"Girls Place, Inc.",2101 NW 39th Avenue,32605,3/14/17,Satisfactory
8757,Glen Springs Elementary,2826 NW 31st Avenue,32605,4/19/16,Satisfactory
1589,Glen Springs Elementary,2826 NW 31st Avenue,32605,8/29/16,Satisfactory
3562,Glen Springs Elementary,2826 NW 31st Avenue,32605,10/5/16,Satisfactory
9867,Glen Springs Elementary,2826 NW 31st Avenue,32605,1/10/17,Satisfactory
1352,Glen Springs Elementary,2826 NW 31st Avenue,32605,4/29/16,Satisfactory
8861,Gold Room Nightclub & Lounge,11 SW 1st Street,32601,4/28/16,Satisfactory
8906,Gold Room Nightclub & Lounge,11 SW 1st Street,32601,2/17/17,Unsatisfactory
3921,Gold Room Nightclub & Lounge,11 SW 1st Street,32601,3/1/17,Satisfactory
6762,Graham Oasis,Graham SW North-South Drive-UF,32611,8/18/16,Satisfactory
4374,Graham Oasis,Graham SW North-South Drive-UF,32611,11/30/16,Satisfactory
1836,Graham Oasis,Graham SW North-South Drive-UF,32611,3/22/17,Satisfactory
2360,Grog House,1718 W University Avenue,32603,9/22/16,Satisfactory
8442,Haisley Lynch American Legion  Post 16,4701 NW 6th Street,32609,4/25/16,Satisfactory
2137,Haisley Lynch American Legion  Post 16,4701 NW 6th Street,32609,7/25/16,Satisfactory
1950,Haisley Lynch American Legion  Post 16,4701 NW 6th Street,32609,10/18/16,Satisfactory
3659,Haisley Lynch American Legion  Post 16,4701 NW 6th Street,32609,1/17/17,Satisfactory
9923,Harbor Chase of Gainesville,1415 Fort Clarke Boulevard,32606,6/3/16,Satisfactory
7267,Harbor Chase of Gainesville,1415 Fort Clarke Boulevard,32606,9/22/16,Satisfactory
1543,Harbor Chase of Gainesville,1415 Fort Clarke Boulevard,32606,12/30/16,Satisfactory
5643,Harbor Chase of Gainesville,1415 Fort Clarke Boulevard,32606,2/16/17,Satisfactory
9064,Hardback Cafe,211 W University Avenue,32601,12/22/16,Satisfactory
1544,Heartwood Soundstage,619 S Main Street,32601,2/20/17,Satisfactory
7667,Heartwood Soundstage,619 S Main Street,32601,2/20/17,Satisfactory
5485,Hidden Oak Elementary,2100 Fort Clarke Boulevard,32606,4/5/16,Satisfactory
7766,Hidden Oak Elementary,2100 Fort Clarke Boulevard,32606,6/8/16,Satisfactory
4325,Hidden Oak Elementary,2100 Fort Clarke Boulevard,32606,11/10/16,Satisfactory
1418,Hidden Oak Elementary,2100 Fort Clarke Boulevard,32606,1/10/17,Satisfactory
9528,High Dive Bar & Venue,"210 SW 2nd Avenue, Suite A",32601,9/23/16,Satisfactory
4203,Hippodrome State Theatre,25 SE 2nd Place,32601,9/22/16,Satisfactory
5064,Hippodrome State Theatre,25 SE 2nd Place,32601,2/17/17,Satisfactory
7830,Hookah Nite Cafe,2614 SW 34th Street,32608,2/16/17,Satisfactory
6408,Hop Top Lounge,1207 SW 16th Avenue,32601,10/13/16,Satisfactory
5152,Howard Bishop Middle School,1901 N E 9th Street,32609,5/23/16,Satisfactory
1262,Howard Bishop Middle School,1901 N E 9th Street,32609,6/20/16,Satisfactory
8502,Howard Bishop Middle School,1901 N E 9th Street,32609,10/11/16,Satisfactory
5073,Howard Bishop Middle School,1901 N E 9th Street,32609,1/4/17,Satisfactory
1321,Howard Bishop Middle School,1901 N E 9th Street,32609,5/5/16,Satisfactory
7863,Howard Bishop Middle School,1901 N E 9th Street,32609,4/28/16,Satisfactory
2207,Hub Chick-Fil-A,100 Stadium Drive,32611,6/17/16,Satisfactory
7751,Hub Chick-Fil-A,100 Stadium Drive,32611,9/9/16,Satisfactory
5188,Hub Chick-Fil-A,100 Stadium Drive,32611,11/10/16,Satisfactory
2888,Hub Chick-Fil-A,100 Stadium Drive,32611,3/2/17,Satisfactory
3989,Hub Einstein's Bagels,100 Stadium Drive,32611,6/17/16,Satisfactory
1994,Hub Einstein's Bagels,100 Stadium Drive,32611,9/9/16,Satisfactory
1157,Hub Einstein's Bagels,100 Stadium Drive,32611,11/10/16,Satisfactory
4288,Hub Einstein's Bagels,100 Stadium Drive,32611,3/2/17,Unsatisfactory
1493,Hub Einstein's Bagels,100 Stadium Drive,32611,3/15/17,Satisfactory
2429,Hunters Crossing Place-Assisted Living,4601 NW 52nd Avenue,32653,3/7/17,Satisfactory
7931,Hunters Crossing Place-Memory Care,4607 NW 52nd Avenue,32653,3/7/17,Satisfactory
6344,Idylwild Elementary School,4601 SW 20th Terrace,32608,5/6/16,Satisfactory
5592,Idylwild Elementary School,4601 SW 20th Terrace,32608,8/17/16,Satisfactory
1851,Idylwild Elementary School,4601 SW 20th Terrace,32608,11/8/16,Satisfactory
1120,Idylwild Elementary School,4601 SW 20th Terrace,32608,2/15/17,Satisfactory
4789,Interface Youth Program,1400 NW 29th Road,32605,5/3/16,Satisfactory
8959,Interface Youth Program,1400 NW 29th Road,32605,7/14/16,Satisfactory
6002,Interface Youth Program,1400 NW 29th Road,32605,10/13/16,Satisfactory
7342,Interface Youth Program,1400 NW 29th Road,32605,1/10/17,Satisfactory
1820,Jack's Bar,20 S Main Street,32601,2/17/17,Satisfactory
3209,Jasmine Pointe,2781 NW 77th Boulevard,32606,6/20/16,Satisfactory
4070,Jasmine Pointe,2781 NW 77th Boulevard,32606,8/29/16,Satisfactory
1425,Jasmine Pointe,2781 NW 77th Boulevard,32606,11/7/16,Satisfactory
7034,Jasmine Pointe,2781 NW 77th Boulevard,32606,1/13/17,Satisfactory
7190,Java City New Engineering Bldg,"New Engineering, Building",32611,9/8/16,Satisfactory
6081,Java City New Engineering Bldg,"New Engineering, Building",32611,11/10/16,Satisfactory
3619,JJ Finley Elementary School,1912 NW 5th Avenue,32603,5/12/16,Satisfactory
3920,JJ Finley Elementary School,1912 NW 5th Avenue,32603,7/7/16,Satisfactory
5761,JJ Finley Elementary School,1912 NW 5th Avenue,32603,10/11/16,Satisfactory
4042,JJ Finley Elementary School,1912 NW 5th Avenue,32603,1/11/17,Satisfactory
9588,JJ Finley Elementary School,1912 NW 5th Avenue,32603,4/29/16,Satisfactory
9383,Kanapaha Middle School,5005 SW 75 Street,32608,8/17/16,Satisfactory
1416,Kanapaha Middle School,5005 SW 75 Street,32608,11/15/16,Satisfactory
9670,Kanapaha Middle School,5005 SW 75 Street,32608,2/16/17,Satisfactory
8864,Kappa Alpha Order,763 Fraternity Row,32603,8/26/16,Satisfactory
2547,Kappa Alpha Order,763 Fraternity Row,32603,11/28/16,Unsatisfactory
9784,Kappa Alpha Order,763 Fraternity Row,32603,3/22/17,Satisfactory
6332,Kappa Alpha Order,763 Fraternity Row,32603,12/2/16,Satisfactory
2979,Kappa Alpha Theta Sorority,715 SW 10 Street,32601,4/14/16,Satisfactory
9226,Kappa Alpha Theta Sorority,715 SW 10 Street,32601,9/27/16,Satisfactory
7386,Kappa Alpha Theta Sorority,715 SW 10 Street,32601,12/9/16,Satisfactory
7000,Kappa Delta Sorority,1122 E Panhellenic Drive,32601,9/28/16,Satisfactory
2704,Kappa Delta Sorority,1122 E Panhellenic Drive,32601,1/18/17,Satisfactory
5758,Kappa Kappa Gamma,401 SW 13th Street,32601,3/30/16,Satisfactory
6774,Kappa Kappa Gamma,401 SW 13th Street,32601,9/13/16,Satisfactory
4089,Kappa Kappa Gamma,401 SW 13th Street,32601,1/10/17,Satisfactory
5869,Kappa Phi Epsilon,1002 W University Avenue,32601,4/14/16,Unsatisfactory
8754,Kappa Phi Epsilon,1002 W University Avenue,32601,9/29/16,Satisfactory
3128,Kappa Phi Epsilon,1002 W University Avenue,32601,1/20/17,Satisfactory
8737,Kappa Phi Epsilon,1002 W University Avenue,32601,4/19/16,Satisfactory
6647,Kappa Sigma,1120 SW 9th Road,32601,4/14/16,Unsatisfactory
6427,Kappa Sigma,1120 SW 9th Road,32601,9/28/16,Satisfactory
6444,Kappa Sigma,1120 SW 9th Road,32601,12/7/16,Satisfactory
6356,Kappa Sigma,1120 SW 9th Road,32601,4/15/16,Satisfactory
5113,Katie S Pressly Softball Stadium,UF Women Softball,32604,9/21/16,Satisfactory
6724,La Fortuna Latin Restaurant & Deli,3000 NW 83rd Street,32606,6/20/16,Satisfactory
5755,La Fortuna Latin Restaurant & Deli,3000 NW 83rd Street,32606,8/3/16,Satisfactory
1418,La Fortuna Latin Restaurant & Deli,3000 NW 83rd Street,32606,11/8/16,Satisfactory
4357,La Fortuna Latin Restaurant & Deli,3000 NW 83rd Street,32606,1/18/17,Satisfactory
4869,Lake Forest Elementary School,4401 SE 4 Avenue,32641,5/5/16,Satisfactory
1902,Lake Forest Elementary School,4401 SE 4 Avenue,32641,8/16/16,Satisfactory
2888,Lake Forest Elementary School,4401 SE 4 Avenue,32641,11/3/16,Satisfactory
4404,Lake Forest Elementary School,4401 SE 4 Avenue,32641,1/31/17,Satisfactory
8491,Lambda Chi Alpha Fraternity,2274 Museum Road,32603,3/31/16,Satisfactory
3114,Lambda Chi Alpha Fraternity,2274 Museum Road,32603,9/21/16,Unsatisfactory
8546,Lambda Chi Alpha Fraternity,2274 Museum Road,32603,11/28/16,Satisfactory
2919,Lambda Chi Alpha Fraternity,2274 Museum Road,32603,3/23/17,Satisfactory
4708,Lambda Chi Alpha Fraternity,2274 Museum Road,32603,10/5/16,Unsatisfactory
8591,Law School Starbucks,3 SW 2nd Avenue,32611,8/5/16,Incomplete
4486,Law School Starbucks,3 SW 2nd Avenue,32611,8/18/16,Satisfactory
1525,Law School Starbucks,3 SW 2nd Avenue,32611,11/1/16,Satisfactory
8907,Lawton M Chiles Elementary,2525 Schoolhouse Road,32607,5/16/16,Incomplete
6456,Lawton M Chiles Elementary,2525 Schoolhouse Road,32607,5/20/16,Satisfactory
5084,Lawton M Chiles Elementary,2525 Schoolhouse Road,32607,8/23/16,Satisfactory
7076,Lawton M Chiles Elementary,2525 Schoolhouse Road,32607,11/15/16,Satisfactory
5950,Lawton M Chiles Elementary,2525 Schoolhouse Road,32607,2/6/17,Satisfactory
6307,Lillians Music Store,112 SE 1st Street,32601,12/21/16,Satisfactory
9414,Lincoln Middle School,1001 SE 12th Street,32641,5/5/16,Satisfactory
5044,Lincoln Middle School,1001 SE 12th Street,32641,8/16/16,Satisfactory
8874,Lincoln Middle School,1001 SE 12th Street,32641,11/3/16,Satisfactory
8283,Lincoln Middle School,1001 SE 12th Street,32641,2/1/17,Satisfactory
2515,Little Hall Express,#556 Stadium Road,32611,8/3/16,Satisfactory
8096,Little Hall Express,#556 Stadium Road,32611,11/8/16,Satisfactory
7949,Little Hall Express,#556 Stadium Road,32611,3/22/17,Satisfactory
6812,Littlewood Elementary School,812 NW 34th Street,32605,4/27/16,Satisfactory
1206,Littlewood Elementary School,812 NW 34th Street,32605,8/29/16,Satisfactory
4404,Littlewood Elementary School,812 NW 34th Street,32605,10/11/16,Satisfactory
3863,Littlewood Elementary School,812 NW 34th Street,32605,1/9/17,Satisfactory
6070,Littlewood Elementary School,812 NW 34th Street,32605,4/28/16,Satisfactory
1026,Littlewood Elementary School,812 NW 34th Street,32605,6/15/16,Satisfactory
9609,Main Street Billiards,108 S Main Street,32601,12/21/16,Satisfactory
1652,Marjorie K. Rawlings Elementary School,3500 N E 15th Street,32609,5/23/16,Satisfactory
4161,Marjorie K. Rawlings Elementary School,3500 N E 15th Street,32609,6/20/16,Satisfactory
8397,Marjorie K. Rawlings Elementary School,3500 N E 15th Street,32609,10/13/16,Satisfactory
9804,Marjorie K. Rawlings Elementary School,3500 N E 15th Street,32609,1/5/17,Satisfactory
4235,Marjorie K. Rawlings Elementary School,3500 N E 15th Street,32609,4/29/16,Satisfactory
8523,Mark Bostick Golf Course,2800 SW 2 Avenue,32607,5/18/16,Satisfactory
9374,Mark Bostick Golf Course,2800 SW 2 Avenue,32607,8/5/16,Incomplete
8121,Mark Bostick Golf Course,2800 SW 2 Avenue,32607,8/12/16,Satisfactory
8773,Mark Bostick Golf Course,2800 SW 2 Avenue,32607,11/1/16,Satisfactory
3292,Mark Bostick Golf Course,2800 SW 2 Avenue,32607,2/6/17,Satisfactory
4195,McKethan Stadium,U F Baseball Stadium Gville,32604,9/21/16,Satisfactory
4742,McKethan Stadium,U F Baseball Stadium Gville,32604,3/3/17,Satisfactory
7807,Meadowbrook Elementary School,11525 NW 39th Avenue,32606,6/9/16,Satisfactory
7505,Meadowbrook Elementary School,11525 NW 39th Avenue,32606,10/26/16,Satisfactory
3556,Meadowbrook Elementary School,11525 NW 39th Avenue,32606,4/29/16,Satisfactory
7612,Metcalfe Elementary School,1250 NE 18 Avenue,32609,5/23/16,Satisfactory
4754,Metcalfe Elementary School,1250 NE 18 Avenue,32609,6/20/16,Satisfactory
6335,Metcalfe Elementary School,1250 NE 18 Avenue,32609,10/13/16,Satisfactory
5606,Metcalfe Elementary School,1250 NE 18 Avenue,32609,1/11/17,Satisfactory
2267,Metcalfe Elementary School,1250 NE 18 Avenue,32609,4/29/16,Satisfactory
4162,Munegin's On 13th,4005 NW 13th Street,32609,8/1/16,Satisfactory
3662,Munegin's On 13th,4005 NW 13th Street,32609,12/2/16,Satisfactory
5596,MycroSchool 1,2209 NW 13th Street,32609,9/26/16,Satisfactory
3110,MycroSchool 1,2209 NW 13th Street,32609,10/25/16,Satisfactory
5337,MycroSchool 1,2209 NW 13th Street,32609,5/6/16,Satisfactory
2077,NFETC,1200 NE 55 Boulevard,32641,6/13/16,Satisfactory
8426,NFETC,1200 NE 55 Boulevard,32641,7/18/16,Satisfactory
9535,NFETC,1200 NE 55 Boulevard,32641,10/10/16,Satisfactory
3150,NFETC,1200 NE 55 Boulevard,32641,1/5/17,Satisfactory
7475,"North Central Florida Hospice, Inc.",4200 NW 90 Boulevard,32606,4/13/16,Satisfactory
3499,"North Central Florida Hospice, Inc.",4200 NW 90 Boulevard,32606,7/8/16,Satisfactory
6808,"North Central Florida Hospice, Inc.",4200 NW 90 Boulevard,32606,1/6/17,Satisfactory
4275,"North Central Florida Hospice, Inc.",4200 NW 90 Boulevard,32606,10/26/16,Satisfactory
3223,North Florida Evaluation & Treatment Center,1200 NE 55th Boulevard,32641,6/13/16,Satisfactory
9880,North Florida Evaluation & Treatment Center,1200 NE 55th Boulevard,32641,10/10/16,Satisfactory
3408,North Florida Retirement Village,8000 NW 27th Boulevard,32606,5/9/16,Satisfactory
6262,North Florida Retirement Village,8000 NW 27th Boulevard,32606,8/29/16,Satisfactory
9528,North Florida Retirement Village,8000 NW 27th Boulevard,32606,11/7/16,Satisfactory
9531,North Florida Retirement Village,8000 NW 27th Boulevard,32606,1/13/17,Satisfactory
6183,North Florida Retirement Village Bar/Lounge,8000 NW 27th Boulevard,32606,5/9/16,Satisfactory
3248,North Florida Retirement Village Bar/Lounge,8000 NW 27th Boulevard,32606,11/7/16,Satisfactory
2701,Oak Hammock @ the University of Florida,5100 SW 25th Boulevard,32608,2/2/17,Satisfactory
6212,Oak Hammock @ the University of Florida (Main Kitchen),2680 SW 53rd Lane,32608,5/18/16,Satisfactory
4652,Oak Hammock @ the University of Florida (Main Kitchen),2680 SW 53rd Lane,32608,8/11/16,Satisfactory
9948,Oak Hammock @ the University of Florida (Main Kitchen),2680 SW 53rd Lane,32608,11/4/16,Satisfactory
2647,Oak Hammock @ the University of Florida (Main Kitchen),2680 SW 53rd Lane,32608,2/2/17,Satisfactory
2724,Oak Hammock at the U of Fl Ashton Place Memory Support Kitchen,2670 SW 53rd Lane,32608,4/15/16,Satisfactory
4310,Oak Hammock at the U of Fl Ashton Place Memory Support Kitchen,2670 SW 53rd Lane,32608,2/2/17,Satisfactory
5560,Oak Hammock at U of F. Assisted Living Standard,2680 SW 53rd Lane,32608,4/15/16,Satisfactory
8964,Oak Hammock at U of F. Assisted Living Standard,2680 SW 53rd Lane,32608,8/11/16,Satisfactory
3038,Oak Hammock at U of F. Assisted Living Standard,2680 SW 53rd Lane,32608,11/4/16,Satisfactory
8991,Oak Hammock at U of F. Assisted Living Standard,2680 SW 53rd Lane,32608,2/2/17,Satisfactory
6949,Oak Hammock at U oF Fl  Banyan Place Memory Support,2670 SW 53rd Lane,32608,4/15/16,Satisfactory
1640,Oak Hammock at U oF Fl  Banyan Place Memory Support,2670 SW 53rd Lane,32608,2/2/17,Satisfactory
7177,O'dome Catering Kitchen Stand #1,2132 Stadium Road,32611,1/20/17,Satisfactory
4324,O'dome Catering Kitchen Stand #1,2132 Stadium Road,32611,1/20/17,Satisfactory
4762,One Room Middle School,3930 NE 15th  Street,32609,9/12/16,Satisfactory
2290,One Room Middle School,3930 NE 15th  Street,32609,12/5/16,Satisfactory
8354,"One Room School House Project, Inc.",4180 NE 15th Street,32609,7/22/16,Satisfactory
3665,"One Room School House Project, Inc.",4180 NE 15th Street,32609,12/5/16,Satisfactory
9784,"Orange and Brew, Wingzone",655 Reitz union  Drive,32611,6/27/16,Satisfactory
7853,"Orange and Brew, Wingzone",655 Reitz union  Drive,32611,9/14/16,Satisfactory
9364,"Orange and Brew, Wingzone",655 Reitz union  Drive,32611,11/28/16,Satisfactory
5688,"Orange and Brew, Wingzone",655 Reitz union  Drive,32611,3/16/17,Satisfactory
1586,"PACE Center for Girls, Alachua",1010 SE 4th Avenue,32601,8/12/16,Satisfactory
7244,"PACE Center for Girls, Alachua",1010 SE 4th Avenue,32601,12/13/16,Satisfactory
2490,Painting With a Twist,618 NW 61th Street,32607,12/21/16,Satisfactory
6342,Panda,118 SW J Wayne Reitz Union,32611,6/27/16,Satisfactory
4962,Panda,118 SW J Wayne Reitz Union,32611,8/5/16,Satisfactory
5317,Panda,118 SW J Wayne Reitz Union,32611,11/29/16,Satisfactory
6273,Panda,118 SW J Wayne Reitz Union,32611,3/9/17,Satisfactory
6238,Panda Express,1600 SW Archer Road,32610,6/21/16,Satisfactory
5245,Panda Express,1600 SW Archer Road,32610,8/25/16,Satisfactory
4506,Panda Express,1600 SW Archer Road,32610,11/10/16,Satisfactory
2808,Panda Express,1600 SW Archer Road,32610,2/23/17,Satisfactory
5606,Papa John's,118 SW J Wayne Reitz Union,32611,9/16/16,Satisfactory
8971,Papa John's,118 SW J Wayne Reitz Union,32611,12/1/16,Satisfactory
7889,Papa John's,118 SW J Wayne Reitz Union,32611,3/21/17,Satisfactory
2095,Passage Christian Academy,5121 E University Avenue,32641,8/10/16,Satisfactory
8973,Passage Christian Academy,5121 E University Avenue,32641,2/9/17,Satisfactory
8436,Pediatric Health Choice,"2025 SW 75th Street, Suite 30",32607,5/16/16,Satisfactory
9281,Pediatric Health Choice,"2025 SW 75th Street, Suite 30",32607,8/9/16,Satisfactory
5974,Pediatric Health Choice,"2025 SW 75th Street, Suite 30",32607,10/27/16,Satisfactory
7108,Pediatric Health Choice,"2025 SW 75th Street, Suite 30",32607,2/27/17,Satisfactory
3822,Percy Beard Track,Percy Beard Track,32604,9/21/16,Satisfactory
4740,Phi Delta Theta,121 SW 13 Street,32601,4/13/16,Satisfactory
6157,Phi Delta Theta,121 SW 13 Street,32601,9/13/16,Satisfactory
1150,Phi Delta Theta,121 SW 13 Street,32601,1/9/17,Satisfactory
4639,Phi Gamma Delta Fraternity,7 Fraternity Row,32603,9/19/16,Unsatisfactory
7871,Phi Gamma Delta Fraternity,7 Fraternity Row,32603,11/29/16,Satisfactory
7958,Phi Gamma Delta Fraternity,7 Fraternity Row,32603,9/21/16,Satisfactory
9840,Phi Kappa Tau Fraternity,1237 SW 2 Avenue,32601,4/13/16,Unsatisfactory
4205,Phi Kappa Tau Fraternity,1237 SW 2 Avenue,32601,9/13/16,Satisfactory
9858,Phi Kappa Tau Fraternity,1237 SW 2 Avenue,32601,1/10/17,Satisfactory
1961,Phi Kappa Tau Fraternity,1237 SW 2 Avenue,32601,4/19/16,Satisfactory
1445,Phi Mu Fraternity,1152 E Panhellenic Drive,32601,9/14/16,Satisfactory
8487,Phi Mu Fraternity,1152 E Panhellenic Drive,32601,1/11/17,Satisfactory
1481,Physical Distribution,1800 SE Hawthorne Road,32641,5/9/16,Satisfactory
8299,Physical Distribution,1800 SE Hawthorne Road,32641,8/10/16,Incomplete
9407,Physical Distribution,1800 SE Hawthorne Road,32641,8/11/16,Satisfactory
1295,Physical Distribution,1800 SE Hawthorne Road,32641,10/28/16,Satisfactory
9816,Physical Distribution,1800 SE Hawthorne Road,32641,2/2/17,Satisfactory
9694,Pi Beta Phi Sorority,2489 W Fraternity Drive,32611,3/31/16,Satisfactory
1994,Pi Beta Phi Sorority,2489 W Fraternity Drive,32611,9/21/16,Satisfactory
7415,Pi Beta Phi Sorority,2489 W Fraternity Drive,32611,1/6/17,Satisfactory
2698,Pi Kappa Phi,419 Fraternity Row,32603,9/20/16,Satisfactory
1532,Pi Kappa Phi,419 Fraternity Row,32603,1/12/17,Unsatisfactory
3335,Pi Kappa Phi,419 Fraternity Row,32603,2/15/17,Incomplete
8738,Pi Kappa Phi,419 Fraternity Row,32603,3/22/17,Unsatisfactory
7084,Pi Lambda Phi,2285 W Fraternity Drive,32603,8/26/16,Satisfactory
5641,Pi Lambda Phi,2285 W Fraternity Drive,32603,12/2/16,Satisfactory
1277,Pollo Tropical,Building 686 UF,32611,6/27/16,Satisfactory
3299,Pollo Tropical,Building 686 UF,32611,9/15/16,Satisfactory
4728,Pollo Tropical,Building 686 UF,32611,11/29/16,Satisfactory
2921,Pollo Tropical,Building 686 UF,32611,3/21/17,Satisfactory
8491,Porters Community Center,512 SW 2nd Terrace,32601,7/22/16,Satisfactory
6042,Porters Community Center,512 SW 2nd Terrace,32601,12/8/16,Satisfactory
3789,Racquet Club - Moe's - Chomp It,114 Rec Center Dining,32611,8/30/16,Satisfactory
4136,Racquet Club - Moe's - Chomp It,114 Rec Center Dining,32611,1/5/17,Satisfactory
5383,Rawlings Subway/POD,651 Newell Drive,32611,8/18/16,Satisfactory
6337,Rawlings Subway/POD,651 Newell Drive,32611,12/9/16,Satisfactory
1880,Reichert House Youth Academy,1704 SE 2nd Avenue,32641,5/6/16,Satisfactory
7983,Reichert House Youth Academy,1704 SE 2nd Avenue,32641,8/2/16,Satisfactory
4518,Reichert House Youth Academy,1704 SE 2nd Avenue,32641,11/9/16,Unsatisfactory
1294,Reichert House Youth Academy,1704 SE 2nd Avenue,32641,1/30/17,Out of Business
3876,Reichert House Youth Academy,1704 SE 2nd Avenue,32641,11/23/16,Satisfactory
7326,ResCare 39th Avenue Cluster,5915 NW 39th Avenue,32606,4/12/16,Satisfactory
1382,ResCare 39th Avenue Cluster,5915 NW 39th Avenue,32606,7/13/16,Satisfactory
4984,ResCare 39th Avenue Cluster,5915 NW 39th Avenue,32606,10/21/16,Satisfactory
6435,ResCare 39th Avenue Cluster,5915 NW 39th Avenue,32606,1/9/17,Satisfactory
7647,Resilience Charter School,1717-A NE 9th Street,32609,2/1/17,Satisfactory
1267,Resilience Charter School,1717-A NE 9th Street,32609,8/8/16,Satisfactory
2306,Rising Roll,1325 W University Avenue,32611,5/18/16,Incomplete
5520,Rising Roll,1325 W University Avenue,32611,6/14/16,Satisfactory
5460,Rising Roll,1325 W University Avenue,32611,8/23/16,Satisfactory
2250,Rising Roll,1325 W University Avenue,32611,10/27/16,Satisfactory
3929,Rising Roll,1325 W University Avenue,32611,2/10/17,Satisfactory
2163,Rockey's Dueling Piano Bar,112 S Main Street,32601,9/22/16,Satisfactory
1894,Saga,109 S Main Street,32601,2/17/17,Satisfactory
6665,Santa Fe College Bookstore,"300 NW 83rd Street, Building S",32606,6/15/16,Satisfactory
2880,Santa Fe College Bookstore,"300 NW 83rd Street, Building S",32606,8/3/16,Satisfactory
2422,Santa Fe College Bookstore,"300 NW 83rd Street, Building S",32606,10/19/16,Satisfactory
2855,Santa Fe College Bookstore,"300 NW 83rd Street, Building S",32606,1/30/17,Satisfactory
9093,Scott Linder Tennis Stadium,Tennis Stadium,32604,9/21/16,Satisfactory
7123,Scott Linder Tennis Stadium,Tennis Stadium,32604,3/3/17,Satisfactory
9843,Sequel Alachua Academy,3430 NE 39th Avenue,32609,12/12/16,Satisfactory
2021,Sequel Alachua Academy,3430 NE 39th Avenue,32609,2/28/17,Satisfactory
2362,Sequel Alachua Academy,3430 NE 39th Avenue,32609,7/12/16,Satisfactory
3796,Sheesha,1029 W University Avenue,32601,12/23/16,Incomplete
1250,Siatech Charter High School,7022 NW 10th Place,32605,10/11/16,Satisfactory
7206,Sid Martin Bridge House,4400 SW 13 Street,32608,5/19/16,Satisfactory
6658,Sid Martin Bridge House,4400 SW 13 Street,32608,8/4/16,Satisfactory
6618,Sid Martin Bridge House,4400 SW 13 Street,32608,12/6/16,Satisfactory
2010,Sid Martin Bridge House,4400 SW 13 Street,32608,2/24/17,Satisfactory
1193,Sid Martin Bridge House,4400 SW 13 Street,32608,9/6/16,Satisfactory
6895,Sideline Club Kitchem Stand #7,250 Gale Lemerand Drive,32611,12/21/16,Satisfactory
7186,Sideline Club Kitchem Stand #7,250 Gale Lemerand Drive,32611,2/21/17,Satisfactory
5417,Sideline Club Kitchem Stand #7,250 Gale Lemerand Drive,32611,12/13/16,Satisfactory
4401,Sidney Lanier School,312 NW 16th Avenue,32609,4/12/16,Unsatisfactory
6095,Sidney Lanier School,312 NW 16th Avenue,32609,6/14/16,Satisfactory
7033,Sidney Lanier School,312 NW 16th Avenue,32609,10/19/16,Satisfactory
2615,Sidney Lanier School,312 NW 16th Avenue,32609,1/19/17,Satisfactory
4652,Sidney Lanier School,312 NW 16th Avenue,32609,5/2/16,Satisfactory
1341,Sidney Lanier School,312 NW 16th Avenue,32609,5/2/16,Satisfactory
2879,Sigma Alpha Epsilon,2 Fraternity Row,32603,3/31/16,Satisfactory
8960,Sigma Alpha Epsilon,2 Fraternity Row,32603,9/21/16,Unsatisfactory
7064,Sigma Alpha Epsilon,2 Fraternity Row,32603,1/12/17,Satisfactory
6391,Sigma Alpha Epsilon,2 Fraternity Row,32603,3/23/17,Satisfactory
4405,Sigma Alpha Epsilon,2 Fraternity Row,32603,10/5/16,Satisfactory
6245,Sigma Chi Fraternity,"611 Fraternity Drive, Building 425",32603,4/12/16,Satisfactory
5789,Sigma Chi Fraternity,"611 Fraternity Drive, Building 425",32603,9/19/16,Satisfactory
8426,Sigma Chi Fraternity,"611 Fraternity Drive, Building 425",32603,11/29/16,Satisfactory
3019,Sigma Kappa Sorority-Beta Tau Chapter House,1108 E Panhellenic Drive,32601,9/15/16,Incomplete
6584,Sigma Kappa Sorority-Beta Tau Chapter House,1108 E Panhellenic Drive,32601,9/16/16,Satisfactory
5931,Sigma Kappa Sorority-Beta Tau Chapter House,1108 E Panhellenic Drive,32601,12/9/16,Satisfactory
6236,Sigma Kappa Sorority-Beta Tau Chapter House,1108 E Panhellenic Drive,32601,8/11/16,Satisfactory
6348,Sigma Nu Fraternity,2371 W Fraternity Drive,32603,9/20/16,Satisfactory
9480,Sigma Nu Fraternity,2371 W Fraternity Drive,32603,1/6/17,Satisfactory
7729,Sigma Nu Fraternity,2371 W Fraternity Drive,32603,4/1/16,Satisfactory
4246,Simon's Night Club/Rain Night Club,8 S Main  Street,32601,6/28/16,Satisfactory
9303,Simon's Night Club/Rain Night Club,8 S Main  Street,32601,2/17/17,Unsatisfactory
4764,Simon's Night Club/Rain Night Club,8 S Main  Street,32601,3/1/17,Satisfactory
4029,St. Barbara,908 SE Williston Road,32641,11/16/16,Satisfactory
1793,St. Francis Catholic High School,4100 NW 115th Terrace,32606,9/9/16,Satisfactory
6927,St. Francis Catholic High School,4100 NW 115th Terrace,32606,12/5/16,Satisfactory
2016,St. Francis Catholic High School Consession,4100 NW 115th Terrace,32606,9/9/16,Satisfactory
2957,St. Francis Catholic High School Consession,4100 NW 115th Terrace,32606,12/5/16,Satisfactory
7540,St. Francis House,413 S Main Street,32601,6/17/16,Satisfactory
3625,St. Francis House,413 S Main Street,32601,8/10/16,Satisfactory
7378,St. Francis House,413 S Main Street,32601,11/18/16,Satisfactory
2487,St. Francis House,413 S Main Street,32601,2/21/17,Satisfactory
6834,St. Francis House,413 S Main Street,32601,3/16/17,Incomplete
6721,St. Francis House,413 S Main Street,32601,3/1/17,Satisfactory
7264,St. Patrick's Inter Parish School,550 NE 16th Avenue,32601,6/8/16,Satisfactory
2450,St. Patrick's Inter Parish School,550 NE 16th Avenue,32601,8/31/16,Satisfactory
6246,St. Patrick's Inter Parish School,550 NE 16th Avenue,32601,10/24/16,Satisfactory
5116,St. Patrick's Inter Parish School,550 NE 16th Avenue,32601,1/30/17,Satisfactory
1656,St. Patrick's Inter Parish School,550 NE 16th Avenue,32601,8/9/16,Satisfactory
5457,Stage 7,"4110 SW 34th  Street, Suite 1-2",32608,9/23/16,Satisfactory
4344,Stage 7,"4110 SW 34th  Street, Suite 1-2",32608,2/16/17,Satisfactory
2063,Stand 3 Consessions & Kitchen/Commissary,250 Gale Lemerand Drive,32611,12/21/16,Satisfactory
5643,Stand 3 Consessions & Kitchen/Commissary,250 Gale Lemerand Drive,32611,2/21/17,Satisfactory
2121,Stand 3 Consessions & Kitchen/Commissary,250 Gale Lemerand Drive,32611,12/13/16,Satisfactory
4122,Starbucks @ Library West,114 Rec Center,32611,8/3/16,Satisfactory
7577,Starbucks @ Library West,114 Rec Center,32611,1/5/17,Satisfactory
7042,Starbucks @ Marston Library,43 Newell Drive,32611,8/2/16,Satisfactory
8617,Starbucks @ Marston Library,43 Newell Drive,32611,11/8/16,Satisfactory
2337,Starbuck's @ Reitz Union,118 SW J Wayne Reitz Union,32611,8/5/16,Satisfactory
6208,Starbuck's @ Reitz Union,118 SW J Wayne Reitz Union,32611,12/1/16,Satisfactory
4195,Starbucks HSC,1600 SW Archer Road,32610,8/25/16,Satisfactory
2867,Starbucks HSC,1600 SW Archer Road,32610,11/10/16,Satisfactory
8164,"Starbucks WPB, Harrell Medical Education Building",1104 S Newell  Drive,32610,8/31/16,Satisfactory
5788,"Starbucks WPB, Harrell Medical Education Building",1104 S Newell  Drive,32610,11/10/16,Satisfactory
6330,Stephen Foster Elementary School,3800 NW 6 Street,32609,5/2/16,Satisfactory
2490,Stephen Foster Elementary School,3800 NW 6 Street,32609,7/11/16,Satisfactory
9703,Stephen Foster Elementary School,3800 NW 6 Street,32609,10/13/16,Satisfactory
2848,Stephen Foster Elementary School,3800 NW 6 Street,32609,1/3/17,Satisfactory
4269,Stephen Foster Elementary School,3800 NW 6 Street,32609,5/2/16,Satisfactory
3651,Subway - Aramark,118 SW J Wayne Reitz Union,32611,6/27/16,Satisfactory
8747,Subway - Aramark,118 SW J Wayne Reitz Union,32611,9/14/16,Satisfactory
4051,Subway - Aramark,118 SW J Wayne Reitz Union,32611,11/28/16,Satisfactory
3924,Subway - Aramark,118 SW J Wayne Reitz Union,32611,3/9/17,Satisfactory
2209,Subway 40011 SFC,"3000 NW 83rd Street, Building R",32606,6/20/16,Satisfactory
4285,Subway 40011 SFC,"3000 NW 83rd Street, Building R",32606,8/3/16,Satisfactory
1777,Subway 40011 SFC,"3000 NW 83rd Street, Building R",32606,11/8/16,Satisfactory
3958,Subway 40011 SFC,"3000 NW 83rd Street, Building R",32606,1/18/17,Satisfactory
2078,Sun Terrace,1600 SW Archer Road,32611,6/21/16,Satisfactory
5595,Sun Terrace,1600 SW Archer Road,32611,8/25/16,Satisfactory
7942,Sun Terrace,1600 SW Archer Road,32611,11/10/16,Satisfactory
5034,Sun Terrace,1600 SW Archer Road,32611,2/23/17,Satisfactory
7170,Swamp Head Brewery,3650 SW 42nd Avenue,32608,2/16/17,Satisfactory
5669,Sweetwater @ Duck Pond,207 NE 7th Street,32601,4/22/16,Unsatisfactory
5174,Sweetwater @ Duck Pond,207 NE 7th Street,32601,1/3/17,Satisfactory
1919,Sweetwater @ Duck Pond,207 NE 7th Street,32601,5/27/16,Unsatisfactory
8862,Sweetwater @ Duck Pond,207 NE 7th Street,32601,6/27/16,Unsatisfactory
4641,Sweetwater @ Duck Pond,207 NE 7th Street,32601,8/31/16,Unsatisfactory
2631,Sweetwater @ Duck Pond,207 NE 7th Street,32601,9/30/16,Unsatisfactory
8588,Sweetwater @ Duck Pond,207 NE 7th Street,32601,10/17/16,Unsatisfactory
4658,Sweetwater @ Duck Pond,207 NE 7th Street,32601,11/15/16,Unsatisfactory
4456,Sweetwater @ Duck Pond,207 NE 7th Street,32601,12/19/16,Unsatisfactory
9976,Sweetwater @ Duck Pond,207 NE 7th Street,32601,1/3/17,Satisfactory
2369,Tacachale Canteen,1621 NE Waldo Road,32609,10/6/16,Satisfactory
5230,Tacachale Food Service- Cafeteria,1621 N E Waldo Road,32609,4/27/16,Satisfactory
2680,Tacachale Food Service- Cafeteria,1621 N E Waldo Road,32609,7/15/16,Satisfactory
5193,Tacachale Food Service- Cafeteria,1621 N E Waldo Road,32609,10/6/16,Satisfactory
3088,Tacachale Food Service- Cafeteria,1621 N E Waldo Road,32609,1/3/17,Satisfactory
4839,Tall Paul's Brew House,10 SE 2nd Avenue,32601,12/22/16,Unsatisfactory
6413,Tall Paul's Brew House,10 SE 2nd Avenue,32601,12/29/16,Satisfactory
8601,Tau Epsilon Phi,555 Fraternity Drive,32611,4/12/16,Satisfactory
9457,Tau Epsilon Phi,555 Fraternity Drive,32611,9/20/16,Satisfactory
6293,Tau Epsilon Phi,555 Fraternity Drive,32611,11/30/16,Unsatisfactory
8145,Tau Epsilon Phi,555 Fraternity Drive,32611,1/30/17,Incomplete
6905,Tau Epsilon Phi,555 Fraternity Drive,32611,2/15/17,Satisfactory
9073,TDJ Fla. Theater,233 W University Avenue,32606,9/26/16,Satisfactory
3657,Terwilliger Elementary School,301 NW 62 Street,32607,4/5/16,Satisfactory
6597,Terwilliger Elementary School,301 NW 62 Street,32607,6/3/16,Satisfactory
1304,Terwilliger Elementary School,301 NW 62 Street,32607,10/26/16,Satisfactory
9171,Terwilliger Elementary School,301 NW 62 Street,32607,1/9/17,Satisfactory
1373,Terwilliger Elementary School,301 NW 62 Street,32607,4/29/16,Satisfactory
8006,The Academy (Pre)School,2022 SW 122nd Street,32607,8/31/16,Satisfactory
8454,The Academy (Pre)School,2022 SW 122nd Street,32607,1/4/17,Satisfactory
2003,The Bull,18 SW 1st Avenue,32601,12/22/16,Satisfactory
6133,The Einstein School,5910 SW Archer Road,32608,8/24/16,Satisfactory
3916,The Einstein School,5910 SW Archer Road,32608,12/8/16,Satisfactory
6296,The North West Unit of the Boys & Girls Club of Alachua County,2700 NW 51st Street,32606,9/28/16,Satisfactory
5093,The North West Unit of the Boys & Girls Club of Alachua County,2700 NW 51st Street,32606,12/28/16,Satisfactory
6841,The North West Unit of the Boys & Girls Club of Alachua County,2700 NW 51st Street,32606,7/22/16,Satisfactory
5816,The Ole Barn,1791 NE 23rd Avenue,32609,9/2/16,Satisfactory
8255,The Santa Fe Bridge,2901 NE 39th Avenue,32602,5/24/16,Satisfactory
3079,The Santa Fe Bridge,2901 NE 39th Avenue,32602,7/8/16,Satisfactory
6720,The Santa Fe Bridge,2901 NE 39th Avenue,32602,10/12/16,Satisfactory
8334,The Santa Fe Bridge,2901 NE 39th Avenue,32602,1/10/17,Satisfactory
3715,Theta Chi Fraternity,501 Fraternity Drive,32604,4/12/16,Satisfactory
3173,Theta Chi Fraternity,501 Fraternity Drive,32604,9/20/16,Satisfactory
8100,Theta Chi Fraternity,501 Fraternity Drive,32604,11/30/16,Satisfactory
9668,"Tipple's Brews of Gainesville, LLC","2440 SW 76th Street, Suite 110",32608,12/22/16,Satisfactory
2831,Tower Club @ The Village,2625 NW 77th Boulevard,32606,5/9/16,Satisfactory
5251,Tower Club @ The Village,2625 NW 77th Boulevard,32606,8/29/16,Satisfactory
2653,Tower Club @ The Village,2625 NW 77th Boulevard,32606,11/7/16,Satisfactory
1540,Tower Club @ The Village,2625 NW 77th Boulevard,32606,1/13/17,Satisfactory
4308,Transitions,3807 SW 34 Street,32608,5/4/16,Satisfactory
9435,Transitions,3807 SW 34 Street,32608,8/9/16,Satisfactory
7100,Transitions,3807 SW 34 Street,32608,11/15/16,Satisfactory
8233,Transitions,3807 SW 34 Street,32608,1/26/17,Satisfactory
4066,Turlington Food Court,Stadium  Road,32611,6/15/16,Satisfactory
9983,Turlington Food Court,Stadium  Road,32611,8/19/16,Incomplete
7088,Turlington Food Court,Stadium  Road,32611,8/31/16,Satisfactory
1236,Turlington Food Court,Stadium  Road,32611,11/10/16,Satisfactory
2328,Turlington Food Court,Stadium  Road,32611,3/2/17,Satisfactory
6812,U of Fl/Aramark/Wendy's,114 Rec Center Dining,32611,6/27/16,Satisfactory
4497,U of Fl/Aramark/Wendy's,114 Rec Center Dining,32611,8/5/16,Satisfactory
2804,U of Fl/Aramark/Wendy's,114 Rec Center Dining,32611,11/29/16,Satisfactory
9919,U of Fl/Aramark/Wendy's,114 Rec Center Dining,32611,3/9/17,Satisfactory
9320,University Club,18 E University Avenue,32601,2/17/17,Satisfactory
8964,University of Florida Campus,UF Campus - Stadium Drive,32611,9/17/16,Satisfactory
9230,University of Florida Campus,UF Campus - Stadium Drive,32611,2/27/17,Satisfactory
7347,University of Florida Foundation  Inc.,1938 W University Avenue,32603,9/15/16,Satisfactory
9500,University of Florida Foundation  Inc.,1938 W University Avenue,32603,1/20/17,Satisfactory
9836,University of Florida/PK Yonge DRS,1080 SW 11th Street,32601,9/8/16,Satisfactory
2966,University of Florida/PK Yonge DRS,1080 SW 11th Street,32601,12/7/16,Satisfactory
1704,University of Florida/PK Yonge DRS,1080 SW 11th Street,32601,3/16/17,Satisfactory
9307,VFW 2811,1150 NE Waldo Road,32602,4/25/16,Satisfactory
2124,VFW 2811,1150 NE Waldo Road,32602,7/15/16,Satisfactory
4725,VFW 2811,1150 NE Waldo Road,32602,10/4/16,Satisfactory
3245,VFW 2811,1150 NE Waldo Road,32602,1/4/17,Satisfactory
5139,W. S. Talbot Elementary School,5701 NW 43 Street,32653,6/2/16,Satisfactory
8683,W. S. Talbot Elementary School,5701 NW 43 Street,32653,7/7/16,Satisfactory
9097,W. S. Talbot Elementary School,5701 NW 43 Street,32653,10/4/16,Satisfactory
9625,W. S. Talbot Elementary School,5701 NW 43 Street,32653,1/4/17,Satisfactory
7685,W. Travis Loften High School,3000 E University Avenue,32641,5/5/16,Satisfactory
6127,W. Travis Loften High School,3000 E University Avenue,32641,11/3/16,Satisfactory
7790,W. Travis Loften High School,3000 E University Avenue,32641,1/31/17,Satisfactory
4280,Westwood Middle School,3215 N W 15 Avenue,32605,6/8/16,Satisfactory
6569,Westwood Middle School,3215 N W 15 Avenue,32605,10/3/16,Satisfactory
3643,Westwood Middle School,3215 N W 15 Avenue,32605,4/29/16,Satisfactory
2810,Whiskey House,60 SW 2nd Street,32601,12/22/16,Satisfactory
3331,Wiles Elementary School,4601 SW 75th Street,32608,5/16/16,Satisfactory
2702,Wiles Elementary School,4601 SW 75th Street,32608,8/23/16,Satisfactory
3291,Wiles Elementary School,4601 SW 75th Street,32608,11/15/16,Satisfactory
1912,Wiles Elementary School,4601 SW 75th Street,32608,2/16/17,Satisfactory
5181,Williams Elementary School,1245 S E 7th Avenue,32641,5/5/16,Satisfactory
7201,Williams Elementary School,1245 S E 7th Avenue,32641,9/1/16,Satisfactory
4707,Williams Elementary School,1245 S E 7th Avenue,32641,11/3/16,Satisfactory
4050,Williams Elementary School,1245 S E 7th Avenue,32641,2/1/17,Satisfactory
4077,Xclusive Cafe,1221 E University Avenue,32609,12/23/16,Satisfactory
3125,Xclusive Cafe,1221 E University Avenue,32609,11/18/16,Satisfactory
9447,"Zeta Tau Alpha Fraternity Housing, Corp.",1142 E Panhellenic Drive,32601,3/30/16,Satisfactory
2027,"Zeta Tau Alpha Fraternity Housing, Corp.",1142 E Panhellenic Drive,32601,9/15/16,Satisfactory
1293,"Zeta Tau Alpha Fraternity Housing, Corp.",1142 E Panhellenic Drive,32601,1/11/17,Satisfactory
1546,ZL Sung SDA School Junior Academy,2115 NW 39th Avenue,32605,5/16/16,Satisfactory
6744,ZL Sung SDA School Junior Academy,2115 NW 39th Avenue,32605,10/21/16,Satisfactory